[
{
  "model": "products.productcategory",
  "pk": 1,
  "fields": {
    "name": "Подарки",
    "description": ""
  }
},
{
  "model": "products.productcategory",
  "pk": 2,
  "fields": {
    "name": "Аксессуары",
    "description": ""
  }
},
{
  "model": "products.productcategory",
  "pk": 3,
  "fields": {
    "name": "Обувь",
    "description": ""
  }
},
{
  "model": "products.productcategory",
  "pk": 4,
  "fields": {
    "name": "Новинки",
    "description": ""
  }
},
{
  "model": "products.productcategory",
  "pk": 5,
  "fields": {
    "name": "Одежда",
    "description": "Одежду делят на виды, исходя из её предназначения, функциональности, климатических характеристик, технологии производства и других факторов."
  }
},
{
  "model": "products.productcategory",
  "pk": 6,
  "fields": {
    "name": "Детям",
    "description": "Все лучшее и самое дорогое детям"
  }
},
{
  "model": "products.product",
  "pk": 2,
  "fields": {
    "name": "Синяя куртка The North Face",
    "description": "Гладкая ткань. Водонепроницаемое покрытие. Легкий и теплый пуховый наполнитель.\r\nСиний, черный, наполнитель из пуха и перьев, стиль колор-блок, дутый материал, принт с логотипом на груди, принт с логотипом сзади, воротник-труба, застежка на молнии спереди, длинные рукава, прямой подол и два кармана по бокам. Ответственный выбор: Мы объединились с агентством Good On You, которое оценивает бренды по степени их влияния на животных, людей и планету в целом. Этот бренд использует этичные по отношению к животным практики, поэтому получил хорошую оценку.",
    "category": 4,
    "date_added": "2023-02-21T07:47:46.850Z",
    "price": "9000.00",
    "quantity": 10,
    "image": "products_images/Blue-jacket-The-North-Face.png"
  }
},
{
  "model": "products.product",
  "pk": 3,
  "fields": {
    "name": "Коричневый спортивный oversized-топ ASOS DESIGN",
    "description": "Материал с плюшевой текстурой. Удобный и мягкий.\r\nКруглый вырез, двусторонняя молния спереди, принт с логотипом на груди и длинные рукава.",
    "category": 5,
    "date_added": "2023-02-21T07:48:49.567Z",
    "price": "3000.00",
    "quantity": 25,
    "image": "products_images/Brown-sports-oversized-top-ASOS-DESIGN.png"
  }
},
{
  "model": "products.product",
  "pk": 4,
  "fields": {
    "name": "Черный рюкзак Nike Heritage",
    "description": "Плотная ткань. Легкий материал.\r\nЧерный/белый, бежевый, полоски, металлический логотип, застежка на молнии сверху, передние карманы на молнии, ручка с плоским верхом и два регулируемых ремня на плечо.",
    "category": 2,
    "date_added": "2023-02-21T07:51:52.990Z",
    "price": "2000.00",
    "quantity": 30,
    "image": "products_images/Black-Nike-Heritage-backpack.png"
  }
},
{
  "model": "products.product",
  "pk": 5,
  "fields": {
    "name": "Черные туфли на платформе с 3 парами люверсов Dr Martens 1461 Bex",
    "description": "Гладкий кожаный верх. Натуральный материал.\r\nПолучили приглашение на ужин и ищете подходящий наряд? \r\n Черные туфли  станут отличным выбором.\r\nчерный\r\nкожа\r\nстелька с логотипом\r\nшнуровка спереди\r\nнизкий блочный каблук\r\nминдалевидный носок",
    "category": 3,
    "date_added": "2023-02-21T07:52:57.739Z",
    "price": "4000.00",
    "quantity": 15,
    "image": "products_images/Black-Dr-Martens-shoes.png"
  }
},
{
  "model": "products.product",
  "pk": 6,
  "fields": {
    "name": "Темно-синие широкие строгие брюки ASOS DESIGN",
    "description": "Легкая эластичная ткань сирсакер Фактурная ткань.\r\nорганический хлопок\r\nсредняя посадка\r\nпетли для ремня\r\nзастежка на молнии и пуговице спереди\r\nдва прорезных кармана по бокам\r\nдва кармана с листочкой сзади\r\nPOSITIVELY CONSCIOUS: В составе этой модели есть органический хлопок. Его производитель не использует химические вещества, пестициды и другие искусственные удобрения и внедряет в процесс методы, которые помогают сохранить биоразнообразие, улучшают качество почвы и сокращают потребление воды.",
    "category": 4,
    "date_added": "2023-02-21T07:53:56.434Z",
    "price": "2500.00",
    "quantity": 15,
    "image": "products_images/Dark-blue-wide-leg-ASOs-DESIGN-trousers.png"
  }
},
{
  "model": "products.product",
  "pk": 7,
  "fields": {
    "name": "Синее  платье клеш Signature однотонное",
    "description": "Силуэтное платье из плотного материала, подчеркивает фигуру.\r\nХарактеристики\r\nЖенщинам, Signature, Лето, Синий, 98% полиэстер, 2% спандекс, Кэжуал, Миди и ниже колена, Клеш, Без рукава, Без карманов",
    "category": 5,
    "date_added": "2023-03-12T07:43:19.792Z",
    "price": "3000.00",
    "quantity": 10,
    "image": "products_images/31266046_retouched.jpeg_ScfOsNo.webp"
  }
},
{
  "model": "products.product",
  "pk": 8,
  "fields": {
    "name": "Духи La Panthere Parfum",
    "description": "Духи Cartier La Panthere имеют узнаваемые сердце и базу аромата – гардения и мускус. Старт изменился, став более кожаным, но сохранив легкий цветочно-фруктовый оттенок. Нота османтуса делает знакомство с ароматом действительно запоминающимся, оставив на теле бархатно-велюровую вуаль.",
    "category": 1,
    "date_added": "2023-03-12T07:49:14.304Z",
    "price": "4000.00",
    "quantity": 20,
    "image": "products_images/92f.jpeg_Hs9VQSQ.webp"
  }
},
{
  "model": "products.product",
  "pk": 9,
  "fields": {
    "name": "Wood and Spices",
    "description": "Богатый и таинственный, мужественный и необычайно соблазнительный аромат Wood and Spices – очередной парфюмерный шедевр, созданный в 2009 году мастером Пьером Монталем для собственного бренда Montale. Упоительный парфюм относится к категории древесно-пряных и с первой секунды знакомства захватывает в свои сети, подчеркивая благородную изысканность обладателя Wood and Spices.",
    "category": 1,
    "date_added": "2023-03-12T07:51:41.917Z",
    "price": "3000.00",
    "quantity": 15,
    "image": "products_images/936.jpeg_v6XkXUr.webp"
  }
},
{
  "model": "products.product",
  "pk": 10,
  "fields": {
    "name": "Мой путь - Духи \"My Way\"",
    "description": "Изысканный парфюм Giorgio Armani My Way – это аромат, который вдохновлен путешествиями и незабываемыми впечатлениями. My Way – первый парфюм бренда, который относится к экопродукции и дополнен флаконом, который подвергается повторной переработке.",
    "category": 1,
    "date_added": "2023-03-12T07:53:18.663Z",
    "price": "4500.00",
    "quantity": 12,
    "image": "products_images/30167725_original.jpeg_T2DlDdh.webp"
  }
},
{
  "model": "products.product",
  "pk": 11,
  "fields": {
    "name": "Парфюмированная вода Libre Yves Saint Laurent",
    "description": "Аромат парфюма для современной женщины — это еще один способ заявить о себе, своих желания, своих целях и мечтах. Это безмолвный вызов миру, который формирует неповторимый образ и задает настроение. Создавая композицию Libre опытные парфюмеры бренда Yves Saint Laurent сумели талантливо переплести изысканные цветочные ноты, создав нечто невероятное и вдохновляющее.",
    "category": 1,
    "date_added": "2023-03-12T08:07:28.321Z",
    "price": "5000.00",
    "quantity": 14,
    "image": "products_images/569.jpeg.webp"
  }
},
{
  "model": "products.product",
  "pk": 12,
  "fields": {
    "name": "Мужская сумка бананка 24х16х6 см Sambag",
    "description": "Вместительная и практичная сумка бананка с экокожи - незаменимый атрибут активных людей Преимущества: выполнена из натуральной кожи; прочная, надежная и практичная подкладка, которая в свою очередь является водостойкой и сделанной из экологически чистых материалов; внутри есть карман на молнии и 2 отделения, чтобы разделить телефон, ключи и другую мелочь;",
    "category": 2,
    "date_added": "2023-03-12T08:09:17.233Z",
    "price": "1600.00",
    "quantity": 8,
    "image": "products_images/27024831_original.jpeg.webp"
  }
},
{
  "model": "products.product",
  "pk": 13,
  "fields": {
    "name": "Женская спортивная cумка Vogue",
    "description": "Сумка Sambag Vogue станет незаменимым аксессуаром в твоем гардеробе.\r\nНеважно куда ты собралась - в спортзал или в командировку, она пригодится в любом случае\r\nХарактеристики:\r\nМатериал верха: новейшая экокожа повышенного уровня износостойкости (не менее 50 000 циклов по тесту Мертиндейла). Кожа водоотталкивающая, устойчивая к выцветанию, эластичная (не трескающаяся при эксплуатации) и прочная на разрыв.",
    "category": 2,
    "date_added": "2023-03-12T08:10:44.628Z",
    "price": "1800.00",
    "quantity": 19,
    "image": "products_images/27810801_original.jpeg.webp"
  }
},
{
  "model": "products.product",
  "pk": 14,
  "fields": {
    "name": "Прямоугольная сумка с широким ремешком ROMASHKA",
    "description": "Прямоугольная сумка \"Дженни\". Модель лаконичной формы. Внутри одно отделение, а по бокам несколько карманов. Вместительная модель, но не выглядит огромной. Хорошо подойдет для образов в деловом стиле, повседневных. Можно сочетать с цветом обуви и ремня. Высота 18 см Ширина 25,5 см Глубина 8 см Высота ручки 10 см Длина ремешка 100 см",
    "category": 2,
    "date_added": "2023-03-12T08:12:02.175Z",
    "price": "2100.00",
    "quantity": 20,
    "image": "products_images/31750564_original.jpeg.webp"
  }
},
{
  "model": "products.product",
  "pk": 15,
  "fields": {
    "name": "Черно-белые всесезонные кроссовки  Nike M2K",
    "description": "Известнейший бренд в мире спортивной моды известен в первую очередь обувью, которая разрабатывается с учетом особенностей каждого вида спорта и движений тела.",
    "category": 3,
    "date_added": "2023-03-12T08:13:51.974Z",
    "price": "2300.00",
    "quantity": 12,
    "image": "products_images/30731186_original.jpeg.webp"
  }
},
{
  "model": "products.product",
  "pk": 16,
  "fields": {
    "name": "Черно-белые всесезонные кеды Converse Chuck Taylor",
    "description": "Обувь, одежда и разнообразные аксессуары для тех, кто поддерживает свое тело в форме и не идет на компромисс между комфортом и красотой.",
    "category": 3,
    "date_added": "2023-03-12T08:15:07.258Z",
    "price": "1900.00",
    "quantity": 9,
    "image": "products_images/30768124_original.jpeg.webp"
  }
},
{
  "model": "products.product",
  "pk": 17,
  "fields": {
    "name": "Белые демисезонные кроссовки мужские 90-тые YZY",
    "description": "Кожаные кроссовки 90-ые в сочетании с высококачественной искусственной кожей имеют закрытый верх. 90-е по-прежнему остается одной из самых популярных кроссовок",
    "category": 3,
    "date_added": "2023-03-12T08:17:15.313Z",
    "price": "2100.00",
    "quantity": 6,
    "image": "products_images/b71.jpeg.webp"
  }
},
{
  "model": "products.product",
  "pk": 18,
  "fields": {
    "name": "Бежевый бюстгальтер Lauma без косточек",
    "description": "Бюстгальтер с мягкой формованной чашкой без каркасов. Чашки из двойного хлопкового полотна. Косточки в боковых деталях состояния. Регулируемые бретели с J-образным крючком, который предупреждает убывание бретелей с плеча и позволяет скрыть бретели под одеждой со спинкой-борцовкой.",
    "category": 4,
    "date_added": "2023-03-12T08:18:26.355Z",
    "price": "900.00",
    "quantity": 6,
    "image": "products_images/eecd9a55f554ae66cb1aea22e44a7834.jpeg.webp"
  }
},
{
  "model": "products.product",
  "pk": 19,
  "fields": {
    "name": "Черные демисезонные лосины рубчик",
    "description": "Изготовлен в Украине с любовью. Удобные лосины для тренировок или для повседневной носки. Комфортный широкий двойной пояс с утяжкой хорошо держится на талии и не сползает. Очень хорошо тянутся. Не кашлатится. Не просвечивают. Есть обмен и возврат.",
    "category": 4,
    "date_added": "2023-03-12T08:19:16.151Z",
    "price": "500.00",
    "quantity": 8,
    "image": "products_images/c56.jpeg.webp"
  }
},
{
  "model": "products.product",
  "pk": 20,
  "fields": {
    "name": "Черное кэжуал платье Miss Selfridge в горошек",
    "description": "Женщинам, Miss Selfridge, Лето, Черный, 97% полиэстер, 3% эластан, Кэжуал, Мини, Вшитый, Длинный, Без карманов, Круглый вырез",
    "category": 5,
    "date_added": "2023-03-12T08:21:25.827Z",
    "price": "600.00",
    "quantity": 10,
    "image": "products_images/33794477_retouched.jpeg.webp"
  }
},
{
  "model": "products.product",
  "pk": 21,
  "fields": {
    "name": "Черные демисезонные зауженные джинсы Colin's",
    "description": "Женщинам, Colin's, Всесезон, Черный, 98% хлопок, 2% эластан, Деним, Зауженные, Однотонный, Без коллекции, Турция, Турция",
    "category": 5,
    "date_added": "2023-03-12T08:22:48.396Z",
    "price": "1000.00",
    "quantity": 10,
    "image": "products_images/13278875_retouched.jpeg.webp"
  }
},
{
  "model": "products.product",
  "pk": 22,
  "fields": {
    "name": "Темно-серые демисезонные зауженные джинсы Colin's",
    "description": "Мужчинам, Colin's, Демисезон, Темно-серый, 98% хлопок, 2% эластан, Деним, Средняя талия, Зауженные, Без декора, Гладкая, Однотонный",
    "category": 5,
    "date_added": "2023-03-12T08:24:28.254Z",
    "price": "1200.00",
    "quantity": 10,
    "image": "products_images/25889367_retouched.jpeg.webp"
  }
},
{
  "model": "products.product",
  "pk": 23,
  "fields": {
    "name": "Подарочный набор Explorer (4 пр.) Mont Blanc",
    "description": "Состав набора: миниатюрного парфюма 7.5 мл, бальзам после бритья 30 мл, гель для душа 30 мл, чехол.\r\nПервая нота подана в виде бергамота, покрытого ярким розовым перцем с душистым лавровым листом. Центральное место подарит встречу с плотной кожей, соединенной с полевым ветивером. Это идеальное решение для неожиданного и недорогого сюрприза. За финал отвечает какао в гуще из амброксана, а также радостного пачули.",
    "category": 1,
    "date_added": "2023-03-12T08:25:32.074Z",
    "price": "800.00",
    "quantity": 5,
    "image": "products_images/21138295_retouched.jpeg.webp"
  }
},
{
  "model": "products.product",
  "pk": 24,
  "fields": {
    "name": "Подарочный набор Hello Kitty (100 мл + 150 мл) Sanrio",
    "description": "Замечательный набор от испанской компании Sanrio приведет в восторг маленькую принцессу! В небольшую сумочку, выполненную в стиле всемирно известной кошечки, помещен симпатичный флакончик туалетной воды. Восхитительный цветочный аромат подчеркнет природную девичью красоту и поможет приобщить малышку к волшебному миру парфюмерии.",
    "category": 1,
    "date_added": "2023-03-12T08:26:26.076Z",
    "price": "700.00",
    "quantity": 6,
    "image": "products_images/29e.jpeg.webp"
  }
},
{
  "model": "products.product",
  "pk": 25,
  "fields": {
    "name": "Бейсболка Герб Without бейсболка",
    "description": "Размер: Универсальный.\r\nУниверсальный размер, с регулируемой металлической застежкой.\r\nКуполовидный верх, который идеально облегает вашу голову.\r\nСистема вентиляции “FreeAir”.",
    "category": 2,
    "date_added": "2023-03-12T08:31:53.570Z",
    "price": "400.00",
    "quantity": 8,
    "image": "products_images/4d17946c69a83d6ab691d41848a80151.jpeg.webp"
  }
},
{
  "model": "products.product",
  "pk": 26,
  "fields": {
    "name": "Очки для водителя ТВ1008 119002 James Browne коричневые",
    "description": "Очки солнцезащитные с поляризацией James Browne.",
    "category": 2,
    "date_added": "2023-03-12T08:32:56.572Z",
    "price": "650.00",
    "quantity": 8,
    "image": "products_images/8e71e285bdc6200351b4ad4a8e247f6b.jpeg.webp"
  }
},
{
  "model": "products.product",
  "pk": 27,
  "fields": {
    "name": "Белые женские босоножки Buts без застежки",
    "description": "Материал верха\t- Натуральная кожа\r\nМатериал подкладки - Натуральная кожа\r\nМатериал подошвы - ЭВА",
    "category": 3,
    "date_added": "2023-03-12T08:34:33.380Z",
    "price": "2100.00",
    "quantity": 10,
    "image": "products_images/30786641_original.jpeg.webp"
  }
},
{
  "model": "products.product",
  "pk": 28,
  "fields": {
    "name": "Стильные женские туфли No",
    "description": "Туфли\r\nматериал: обувной текстиль\r\nподбор 10,5 см",
    "category": 3,
    "date_added": "2023-03-12T08:35:53.443Z",
    "price": "900.00",
    "quantity": 13,
    "image": "products_images/e93.jpeg.webp"
  }
},
{
  "model": "products.product",
  "pk": 29,
  "fields": {
    "name": "Темно-синяя летняя блуза Ager",
    "description": "Длина изделия: S-65 см; M-67 см; L-69 см; XL-71 см. \r\nШирина плеч: S-39 см; M-40 см; L-41 см; XL-42 см. \r\nДлина рукава (см): S-40 см; M-41 см; L-42 см; XL-43 см. \r\nПолуобхват груди: S-53 см; M-54 см; L-55 см; XL-56 см.",
    "category": 4,
    "date_added": "2023-03-12T08:37:09.834Z",
    "price": "300.00",
    "quantity": 6,
    "image": "products_images/34347721_retouched.jpeg.webp"
  }
},
{
  "model": "products.product",
  "pk": 30,
  "fields": {
    "name": "Синие демисезонные клеш джинсы Reserved",
    "description": "Женщинам, Reserved, Демисезон, Синий, 100% хлопок, Деним, Высокая талия, Клеш, Потертости, Гладкая, Однотонный, Пакистан",
    "category": 4,
    "date_added": "2023-03-12T08:37:58.048Z",
    "price": "700.00",
    "quantity": 7,
    "image": "products_images/34214559_retouched.jpeg.webp"
  }
},
{
  "model": "products.product",
  "pk": 31,
  "fields": {
    "name": "Ангельский черный соблазнительный эластичный комплект нижнего белья Victoria's Secret",
    "description": "Соблазнительный эластичный комплект нижнего белья, глубокого черного цвета, бретельки в стразах и надпись Виктория Сикрет.\r\n\r\nБюстгальтер пуш ап, бретельки регулируются. Трусики танга по бокам с резинками-перемычками тоже с надписью и стразами.",
    "category": 4,
    "date_added": "2023-03-12T10:24:49.481Z",
    "price": "300.00",
    "quantity": 5,
    "image": "products_images/e4a.jpeg_G77GpTt.webp"
  }
},
{
  "model": "products.product",
  "pk": 32,
  "fields": {
    "name": "Костюм N.Family однотонный синий кэжуал",
    "description": "Костюм из вельвета – ХИТ этой весной.\r\nСочетание комфорта и стиля.\r\nНа брюках резинка и шнуровка.\r\nКупи костюм, и будь непревзойденной.",
    "category": 5,
    "date_added": "2023-03-12T10:27:57.321Z",
    "price": "1500.00",
    "quantity": 35,
    "image": "products_images/ff01fbdc54fb0c25db52750e270de877.jpeg.webp"
  }
},
{
  "model": "products.product",
  "pk": 34,
  "fields": {
    "name": "Авторский черный летний купальник (лиф, трусы) бикини",
    "description": "Женский раздельный оверсайз купальник для активного пляжного отдыха. Треугольная форма верха универсального размера, на тонких завязках. Плавки стринги на средней посадке с декоративным тонким поясом, выгодно подчеркивающим стройность талии. Ах и красота.",
    "category": 4,
    "date_added": "2023-03-12T12:44:39.809Z",
    "price": "2100.00",
    "quantity": 18,
    "image": "products_images/29062251_retouched.jpeg.webp"
  }
},
{
  "model": "products.product",
  "pk": 35,
  "fields": {
    "name": "Адка-Шорты Fashion Girl Omnia",
    "description": "Изделие имеет высокую талию и удобную посадку, сбоку застегивается на потайную молнию. Изготовлены шорты из плотной ткани «шерсть на основе», что обеспечивает комфортную носку в прохладную погоду и межсезонье.",
    "category": 5,
    "date_added": "2023-03-12T12:47:07.934Z",
    "price": "400.00",
    "quantity": 8,
    "image": "products_images/29459085_original.jpeg.webp"
  }
},
{
  "model": "products.product",
  "pk": 36,
  "fields": {
    "name": "Грифельно-серая демисезонная футболка Cornette",
    "description": "мужская классическая футболка выполнена из высококачественного, плотного, эластичного хлопка. Очень хорошо садится, адаптируется к телу. V-образный вырез горловины, двойной шов на рукавах, нашивка на рукаве с логотипом Cornett.",
    "category": 5,
    "date_added": "2023-03-13T06:49:33.650Z",
    "price": "1100.00",
    "quantity": 5,
    "image": "products_images/15814671_retouched.jpg.webp"
  }
},
{
  "model": "products.product",
  "pk": 37,
  "fields": {
    "name": "Толстовка C&A персонажи",
    "description": "Толстовка из коллекции \"Hello Kitty\". Выполнена из качественного мехового полотна. Мех очень мягкий (не скрипучий) с блеском (на фото не видно). Застегивается с помощью молнии. Капюшон на трикотажной подкладке, по бокам карманы, рукава и низ на резинке. Украшена бантиком на капюшоне, вышивкой на груди и аппликацией на спинке. Изделие устойчиво к многократным стиркам.",
    "category": 6,
    "date_added": "2023-03-13T06:51:15.506Z",
    "price": "1300.00",
    "quantity": 6,
    "image": "products_images/32420497_original.jpeg.webp"
  }
},
{
  "model": "products.basket",
  "pk": 5,
  "fields": {
    "user": 2,
    "product": 2,
    "quantity": 1,
    "created_timestamp": "2023-02-28T12:02:48.674Z"
  }
},
{
  "model": "products.basket",
  "pk": 6,
  "fields": {
    "user": 2,
    "product": 6,
    "quantity": 2,
    "created_timestamp": "2023-02-28T12:02:51.512Z"
  }
},
{
  "model": "products.basket",
  "pk": 12,
  "fields": {
    "user": 1,
    "product": 35,
    "quantity": 1,
    "created_timestamp": "2023-03-13T11:33:30.195Z"
  }
},
{
  "model": "products.basket",
  "pk": 13,
  "fields": {
    "user": 1,
    "product": 9,
    "quantity": 1,
    "created_timestamp": "2023-03-13T11:33:33.906Z"
  }
},
{
  "model": "products.basket",
  "pk": 14,
  "fields": {
    "user": 1,
    "product": 31,
    "quantity": 1,
    "created_timestamp": "2023-03-13T11:33:36.507Z"
  }
}
]
